ZONA,NOMBRE,DIRECCION,TELEFONO,IMAGEN_SUCURSAL,AREA_INTERNA,REGION_OPERATIVA,USO_DESTINO,METROS_CUADRADOS
CABA,"Villa Urquiza","Av. Monroe Nº 5254",4521-9949,https://streetviewpixels-pa.googleapis.com/v1/thumbnail?panoid=uumhUc7LRrXN3Udl3AMh7g&cb_client=search.gws-prod.gps&w=408&h=240&yaw=152.50993&pitch=0&thumbfov=100,Z2,Metro,"Sucursal",309
CABA,"Oficios Judiciales","",,,,,"",
CABA,"Ministerio (JP)","",,,,,"",
CABA,"Villa Soldati","José Martí Nº 2995",4918-5843,https://streetviewpixels-pa.googleapis.com/v1/thumbnail?panoid=9AhYtOooezBNI3cSQrnyXg&cb_client=search.gws-prod.gps&w=408&h=240&yaw=229.0187&pitch=0&thumbfov=100,Z3,Metro,"Sucursal",125
CABA,"Villa Real","Av. Lope de Vega 2888, C1417COZ CABA",4568-1817,https://streetviewpixels-pa.googleapis.com/v1/thumbnail?panoid=6dQg0eI-1pAH8FnGQsxQGg&cb_client=search.gws-prod.gps&w=408&h=240&yaw=212.42621&pitch=0&thumbfov=100,,,"",
CABA,"Villa Pueyrredon","Terrada Nº 4675",4587-8270,https://lh5.googleusercontent.com/p/AF1QipP8GOeNpjk9rrsSYFlM5dZAcKQodW0hJ79-fp4y=w426-h240-k-no,Z2,Metro,"Sucursal",166
CABA,"Villa Lugano","Av. Riestra 5719, C1439BYI CABA",4601-0018,https://streetviewpixels-pa.googleapis.com/v1/thumbnail?panoid=oO_v5DXmHH1m3NFxf5oxSA&cb_client=search.gws-prod.gps&w=408&h=240&yaw=317.20813&pitch=0&thumbfov=100,,,"",
CABA,"Villa Devoto","Av. San Martín 6354, C1419ICN CABA",4501-0684,https://streetviewpixels-pa.googleapis.com/v1/thumbnail?panoid=helRrLMtzaXUAkAn91HGLA&cb_client=search.gws-prod.gps&w=408&h=240&yaw=206.60016&pitch=0&thumbfov=100,,,"",
CABA,"Villa Del Parque","Helguera Nº 2901",4504-7235,https://streetviewpixels-pa.googleapis.com/v1/thumbnail?panoid=N9GcHjdJZZRlvlPklGoiVQ&cb_client=search.gws-prod.gps&w=408&h=240&yaw=62.31091&pitch=0&thumbfov=100,Z2,Metro,"Sucursal",161
CABA,"Villa Crespo","Av. Scalabrini Ortiz Nº 176",4857-6829,https://streetviewpixels-pa.googleapis.com/v1/thumbnail?panoid=mVfo1PjAPLUQ8Iojm-fKAw&cb_client=search.gws-prod.gps&w=408&h=240&yaw=324.45154&pitch=0&thumbfov=100,Z2,Metro,"Sucursal",343
CABA,"Tribunales","Paraná Nº 777",4372-4692,https://lh5.googleusercontent.com/proxy/v4e1LJxknRKrdyzgfIx2aIRPPrlesu6yQc3DR6JhMkt29lf0O98KC81o4iH0T2OLYb65SD8dNCHksL1oOiRpnaIB4-KEEFLkncZZEfYdk5szeyhuln6wtv9Qe8wznYtw6bQ50CQ_qqZlz0hPvqwH4ZkHXUH-cVRP8g6-R_pSBOrQ=w427-h240-k-no,Z2,Metro,"Sucursal",341
CABA,"Tienda Filatelia Correo","Tte. Gral. Juan Domingo Perón 321, C1038 AAG, Buenos Aires",,https://streetviewpixels-pa.googleapis.com/v1/thumbnail?panoid=1eBHxgMiBsTYj1YIrecOog&cb_client=search.gws-prod.gps&w=408&h=240&yaw=350.7095&pitch=0&thumbfov=100,,,"",
EDIFICIOS,"Suc. Ctro. Postal Internacional","Av. Antártida Argentina 1100, C1104 CABA",4316-1742,https://lh5.googleusercontent.com/p/AF1QipM2gQmhZSowiKsslaTrSCdUty1zUngRhMo0nKvJ=w408-h306-k-no,,,"",
CABA,"Scios. Especiales/av. san juan 1349-cap.","Av. San Juan 1349, C1148AAB CABA",4304-8497,https://streetviewpixels-pa.googleapis.com/v1/thumbnail?panoid=KRui9hbjTM2NiopC_IbYIQ&cb_client=search.gws-prod.gps&w=408&h=240&yaw=351.38156&pitch=0&thumbfov=100,,,"",
CABA,"San Telmo","Bernardo De Irigoyen Nº 698",4331-0664,https://lh5.googleusercontent.com/p/AF1QipOQY1ygS9bAHZiCvt_a-_qFspDzKepOchZ0X4nC=w408-h544-k-no,Z3,Metro,"Sucursal",203
CABA,"Plaza Rodriguez Peña","Uruguay Nº 1069",,,Z1,Metro,"Sucursal",142
CABA,"San Cristobal","Av. San Juan N° 3001",4957-1503,https://streetviewpixels-pa.googleapis.com/v1/thumbnail?panoid=F4jbWIoWySZl94J_aK0lqw&cb_client=search.gws-prod.gps&w=408&h=240&yaw=353.7428&pitch=0&thumbfov=100,Z3,Metro,"Sucursal",200
CABA,"Saavedra","Plaza Nº 3855",4542-3695,https://streetviewpixels-pa.googleapis.com/v1/thumbnail?panoid=tmFqoN9bAeNoWcgYwdrujw&cb_client=search.gws-prod.gps&w=408&h=240&yaw=43.055523&pitch=0&thumbfov=100,Z1,Metro,"Sucursal",156
CABA,"Reservistas Argentinos 101/Liniers","Av. Reservistas Argentinos 101, Buenos Aires",,https://streetviewpixels-pa.googleapis.com/v1/thumbnail?panoid=uiA_okMOft0NHd2Fps7ZTQ&cb_client=search.gws-prod.gps&w=408&h=240&yaw=57.711456&pitch=0&thumbfov=100,,,"",
CABA,"Recoleta","Av. Callao 1577, C1024 CABA",4816-7614,https://argentinafirm.com/photo/85223.jpg,,,"",
CABA,"Plaza R. Peña","Uruguay 1069, C1016 CABA",4816-7543,https://lh5.googleusercontent.com/p/AF1QipPzt6CI74dzTlhpOcW3eW9rnZyN2KQigLjnEsrl=w408-h306-k-no,,,"",
CABA,"Plaza Las Heras","Laprida Nº 2128",4807-3038,https://streetviewpixels-pa.googleapis.com/v1/thumbnail?panoid=DIKu37dd2mIB12NHyplhFg&cb_client=search.gws-prod.gps&w=408&h=240&yaw=324.9083&pitch=0&thumbfov=100,Z1,Metro,"Sucursal",94
CABA,"Plaza Italia","Av. Santa Fe Nº 3882",4831-0707,https://lh5.googleusercontent.com/p/AF1QipO9ASNao3T3sFLwJ-p0cWHU3NcbngrOqXRpocBx=w408-h544-k-no,Z1,Metro,"Sucursal",283
CABA,"Paternal","Av. San Martin 2710",4588-0790,https://lh5.googleusercontent.com/p/AF1QipNPVfI_zmUAhPOTXFbjICGfkESpbLTvj_zzWFlr=w408-h306-k-no,Z2,Metro,"Sucursal",227
CABA,"Parque Patricios","Av. Caseros 2469 C1264AAE, C1264 AAE, Buenos Aires",2004-7032,https://lh5.googleusercontent.com/p/AF1QipMsBQa6_hfvIcsF46RoRXXewR6wHwN57A_iBG6F=w408-h544-k-no,,,"",
CABA,"Parque Chas","Av. de los Incas 4624, C1427 CABA",4521-8357,https://lh5.googleusercontent.com/proxy/G0yQ-_nh9BBj-CrpQokZx2ysq__oz-gNdwOoDer7chk55Acxg1JBJW-BrkCy9_cLJXC4JWLNUYUzw0nQnwj1I6PjRcuejaNQaPiCjobmRJsDP_yH3ts-LXsukXW9IEQ_n6hLTDX1rPrwpa4aubMtJw27-yydhJvjG594ShyYre1W=w408-h726-k-no,,,"",
CABA,"Parque Chacabuco","Curapaligue Nº 815",4632-9496,https://lh5.googleusercontent.com/p/AF1QipPS-or2ypf2UjaPZFfroiIBQfzFXg0JkNOwtWK6=w408-h306-k-no,Z3,Metro,"Sucursal",85
CABA,"Parque Centenario","Av. Ángel Gallardo 756",4982-2486,https://streetviewpixels-pa.googleapis.com/v1/thumbnail?panoid=vClAk8bxr0i4O_tqBsUfTQ&cb_client=search.gws-prod.gps&w=408&h=240&yaw=155.2064&pitch=0&thumbfov=100,Z2,Metro,"Suc. / Jef. Zonal",271
CABA,"Paraguay 767","Paraguay 767, C1057AAI CABA",4549-3321,https://streetviewpixels-pa.googleapis.com/v1/thumbnail?panoid=KIrhFmmbpG-K41jkt9VdYw&cb_client=search.gws-prod.gps&w=408&h=240&yaw=324.97366&pitch=0&thumbfov=100,,,"",
CABA,"Palermo","Av. Coronel Diaz Nº 2190 Uf 2",4829-1752,https://lh5.googleusercontent.com/p/AF1QipO_PIqHdsgAKJZrANnYDqEqzmhavrt6e6TY_sL0=w408-h544-k-no,Z1,Metro,"Sucursal",132
CABA,"Once","Tte. Gral. Perón Nº 2821",4862-4859,https://streetviewpixels-pa.googleapis.com/v1/thumbnail?panoid=bX_tQymTclmoVo5c8D0A5w&cb_client=search.gws-prod.gps&w=408&h=240&yaw=344.2077&pitch=0&thumbfov=100,Z3,Metro,"Sucursal",245
CABA,"Obelisco","Pasaje Obelisco Sur",4382-0584,https://streetviewpixels-pa.googleapis.com/v1/thumbnail?panoid=5lkBpj_dc7y9SZHO22q6XA&cb_client=search.gws-prod.gps&w=408&h=240&yaw=270.33075&pitch=0&thumbfov=100,Z2,Metro,"Sucursal",51
CABA,"Nuñez","Av. Cabildo Nº 4576",4702-3627,https://lh5.googleusercontent.com/p/AF1QipOKHq9ogFoiIECHI8ZBfvbg7_C_OVdWjghRQac=w426-h240-k-no,Z1,Metro,"Sucursal",264
CABA,"Nueva Pompeya","Del Barco Centenera",4911-9816,https://lh5.googleusercontent.com/p/AF1QipOPJjc-Hg1UEcr60mrdI76RSuRgPxJHDwhj_AG6=w426-h240-k-no,Z3,Metro,"Sucursal",262
CABA,"Monte Castro","Alvarez Jonte 5150",4566-1212,https://streetviewpixels-pa.googleapis.com/v1/thumbnail?panoid=q23RBNKxuP9SNVgjRh_Fzw&cb_client=search.gws-prod.gps&w=408&h=240&yaw=141.14938&pitch=0&thumbfov=100,Z2,Metro,"Sucursal",155
CABA,"Monserrat","Av. Entre Ríos Nº 456",4382-8402,https://lh5.googleusercontent.com/p/AF1QipN9Hqn2wREeiElbn2AqU28Pf8JG1neU-2yaYQnk=w408-h544-k-no,Z3,Metro,"Sucursal",128
CABA,"Ministerio De Economía","Pte, Av. Hipólito Yrigoyen 250, C1086 CABA",4349-5059,https://streetviewpixels-pa.googleapis.com/v1/thumbnail?panoid=q1-W2HlmRzOpnHHYjYKFlQ&cb_client=search.gws-prod.gps&w=408&h=240&yaw=249.56049&pitch=0&thumbfov=100,,,"",
CABA,"Minipost Trib. (Tribunales I)","Talcahuano 550, C1013AAL CABA",4374-1883,https://lh5.googleusercontent.com/p/AF1QipPSdtUTnrvfVyAMir2l2yB0S40LZFVIzhzQBZsq=w408-h382-k-no,,,"",
CABA,"Mataderos","Juan B. Alberdi 5924",4687-1445,https://streetviewpixels-pa.googleapis.com/v1/thumbnail?panoid=q9XDa3VEG-5NabzpCcVPUA&cb_client=search.gws-prod.gps&w=408&h=240&yaw=121.62951&pitch=0&thumbfov=100,Z3,Metro,"Sucursal",183
CABA,"Liniers","Rivadavia Nº 11256",4644-0892,https://lh5.googleusercontent.com/p/AF1QipOiVJyxBE_REB48KeIUVsmmzj5Y1YnBnBo-YyPx=w408-h408-k-no,Z2,Metro,"Sucursal",190
CABA,"La Boca","Av. Almte. Brown Nº 780",4362-5895,https://lh6.googleusercontent.com/proxy/7nr05HuxERhZggZdrvBOLOh7HjSo6DjnQp6sfdrCmKWlHlEGHofVRQphWBlEDaZjD01YTtG4FxyxQAWQd6gEcJ8K-cdrby7VaOXqXhjeowWfQUeGqGtXlQepVGPVX8nEdCv8vscjyGWYj4vevVxtCc9qCWNKPbY6jI62RGkNf8x0=w427-h240-k-no,Z3,Metro,"Sucursal",150
CABA,"Floresta","Carrasco N° 31",4671-5997,https://streetviewpixels-pa.googleapis.com/v1/thumbnail?panoid=2N08IP25LomgnWrPZPlHvA&cb_client=search.gws-prod.gps&w=408&h=240&yaw=32.9412&pitch=0&thumbfov=100,Z3,Metro,"Sucursal",266
CABA,"Flores","Artigas Nº 40",4637-8043,https://lh5.googleusercontent.com/p/AF1QipP7tAO7T1AlAbcVmrUrLsiQxH3pqmrvG1MC19DT=w408-h306-k-no,Z3,Metro,"Sucursal",156
CABA,"Filatelia Web","Paraguay 767, C1057AAI CABA",4893-0618,https://streetviewpixels-pa.googleapis.com/v1/thumbnail?panoid=KIrhFmmbpG-K41jkt9VdYw&cb_client=search.gws-prod.gps&w=408&h=240&yaw=324.97366&pitch=0&thumbfov=100,,,"",
CABA,"Filatelia","Paraguay 767, C1057AAI CABA",4549-3325,https://streetviewpixels-pa.googleapis.com/v1/thumbnail?panoid=KIrhFmmbpG-K41jkt9VdYw&cb_client=search.gws-prod.gps&w=408&h=240&yaw=324.97366&pitch=0&thumbfov=100,,,"",
CABA,"Facultad","Viamonte Nº 2449",4964-5176,https://lh5.googleusercontent.com/p/AF1QipOfxH7VLBEFcNPrkR_pl4hbwJ4iVoPPrfGWnDe-=w408-h398-k-no,Z2,Metro,"Sucursal",166
CABA,"Estación Retiro","Av. Libertador Nº 132",4515-0796,https://streetviewpixels-pa.googleapis.com/v1/thumbnail?panoid=ZNtpTygEjbkpcmbteTw1_A&cb_client=search.gws-prod.gps&w=408&h=240&yaw=255.8906&pitch=0&thumbfov=100,Z1,Metro,"Sucursal",144
CABA,"Estacion Constitución","Av. Brasil 1153, C1154 CABA",4304-8076,https://streetviewpixels-pa.googleapis.com/v1/thumbnail?panoid=ScZrleRxz3wlF04h9YkM3Q&cb_client=search.gws-prod.gps&w=408&h=240&yaw=344.23444&pitch=0&thumbfov=100,,,"",
CABA,"Directorio y Moreno","Av. Directorio 552, C1424CIS CABA",4922-8047,https://streetviewpixels-pa.googleapis.com/v1/thumbnail?panoid=FXc-zgGF-IYC6g5vOUbGRw&cb_client=search.gws-prod.gps&w=408&h=240&yaw=181.91843&pitch=0&thumbfov=100,,,"",
CABA,"Congreso","Av. Callao Nº 131",4372-5082,https://streetviewpixels-pa.googleapis.com/v1/thumbnail?panoid=pFCzgIjJa84-tbKM7DMFhg&cb_client=search.gws-prod.gps&w=408&h=240&yaw=110.51507&pitch=0&thumbfov=100,Z3,Metro,"Sucursal",267
CABA,"Comando Jefe Ejercito","Azopardo 250, C1107 CABA",4343-3325,https://streetviewpixels-pa.googleapis.com/v1/thumbnail?panoid=QLxxGC5Mv6qp16bo-GxQyQ&cb_client=search.gws-prod.gps&w=408&h=240&yaw=87.303345&pitch=0&thumbfov=100,,,"",
CABA,"Colegio De Abogados (Tribunales)","Av. Corrientes 1441, C1042 AAA, Buenos Aires",4372-3828,https://streetviewpixels-pa.googleapis.com/v1/thumbnail?panoid=7ttjcabnFuuYxKL8iqCo7Q&cb_client=search.gws-prod.gps&w=408&h=240&yaw=349.82306&pitch=0&thumbfov=100,,,"",
CABA,"Colegiales","Av. Fco. Lacroze Nº 2476",4775-3962,https://lh4.googleusercontent.com/proxy/NzuTv2mQDR39U2IDws5eNJ3ycCsEHOQVzDrskQt0Gp7pC0YdCGCTE17JU1OwoIykTXQt3pvOtw52yHRZjNkYv-SxWD1yhlSZNn_1v4fqrFSzRJ8jyqAKEEA6gFRU0FrjN2JpE3D2244jcfk_kCeWU1o8mg8Oz6s-Wp2jwM4u_1Hd=w427-h240-k-no,Z1,Metro,"Sucursal",200
CABA,"Coghlan","Av. Monroe Nº 3381",4542-8413,https://streetviewpixels-pa.googleapis.com/v1/thumbnail?panoid=6g2OQYyohI9qPCUINGUc8g&cb_client=search.gws-prod.gps&w=408&h=240&yaw=321.93668&pitch=0&thumbfov=100,Z1,Metro,"Sucursal",160
CABA,"Chacarita","Federico Lacroze Nº 4164",4553-7745,https://lh3.googleusercontent.com/proxy/i5CTGrYXULVvCCmWzHiK3PWlEBr0VIE_UYdcr6BuMK-uAb85tdi0wi5GsFG5o3UBbOoCpAUkP9SuRhhI4_ypcjAzSVkaYaVBaXro3M3haClrYIGdBHTYonwt1CycLCyYmpgJRfJZhS2i2GGWgLlIzt0VrE0uVqnCNcRMx5W2qUAb=w408-h726-k-no,Z2,Metro,"Sucursal",134
CABA,"Centro Distrib. Espec. Mte. Castro","4799, C1417GAQ, Marcos Sastre 4751, C1417GAQ CABA",,https://streetviewpixels-pa.googleapis.com/v1/thumbnail?panoid=zgh3DSTZsTiXh7Yqr7IoeA&cb_client=search.gws-prod.gps&w=408&h=240&yaw=103.03868&pitch=0&thumbfov=100,,,"",
CABA,"Centro Distrib. Espec. Barracas","José Aarón Salmún Feijóo 555, C1274AGE CABA",+54 9 11 2551 3565,https://streetviewpixels-pa.googleapis.com/v1/thumbnail?panoid=Osr_UqBMmkWTy0-DvUNgYA&cb_client=search.gws-prod.gps&w=408&h=240&yaw=242.5322&pitch=0&thumbfov=100,,,"",
CABA,"Centro","Tte Gral, Tte. Gral. Juan Domingo Perón 321, C1038 CABA",5282-3049,https://lh5.googleusercontent.com/p/AF1QipOY1D8azlfCPYPPLR3p0LSVNO_TdjC6-RlNhl8J=w426-h240-k-no,,,"",
CABA,"CDD 7","Carrasco 37, C1407AUA CABA",4671-8719 /4672-3646,https://streetviewpixels-pa.googleapis.com/v1/thumbnail?panoid=a6wre6cEwW9-JS_mwnI9rQ&cb_client=search.gws-prod.gps&w=408&h=240&yaw=137.10472&pitch=0&thumbfov=100,,,"",
CABA,"CDD 6","Av. Juan Bautista Alberdi 3177 B1406 Buenos Aires",4637-7754/4613-2895,https://streetviewpixels-pa.googleapis.com/v1/thumbnail?panoid=_WtvQaH7MXv6trBlZlm4Cg&cb_client=search.gws-prod.gps&w=408&h=240&yaw=351.94147&pitch=0&thumbfov=100,,,"",
CABA,"CDD 5","Antonio Machado 649, C1405DIC CABA",4982-1844/4981-0688,https://streetviewpixels-pa.googleapis.com/v1/thumbnail?panoid=_XkwP-pyZ8Quh0eiRjIA3A&cb_client=search.gws-prod.gps&w=408&h=240&yaw=329.48444&pitch=0&thumbfov=100,,,"",
CABA,"CDD 40","Av. Juan Bautista Alberdi 5924 C1440AAX CABA",4687-1234-686-2066,https://streetviewpixels-pa.googleapis.com/v1/thumbnail?panoid=q9XDa3VEG-5NabzpCcVPUA&cb_client=search.gws-prod.gps&w=408&h=240&yaw=121.62951&pitch=0&thumbfov=100,,,"",
CABA,"CDD 39","Murguiondo 3961 C1439FQU CABA",4601-1456,https://streetviewpixels-pa.googleapis.com/v1/thumbnail?panoid=bOtlCamJ8rZ7m7KbNmEUqQ&cb_client=search.gws-prod.gps&w=408&h=240&yaw=214.8946&pitch=0&thumbfov=100,,,"",
CABA,"CDD 37","Ventura de la Vega 3940, C1437 CABA",4912-5871,https://streetviewpixels-pa.googleapis.com/v1/thumbnail?panoid=3vuB1E79Zj_LfyNNB3y_FQ&cb_client=search.gws-prod.gps&w=408&h=240&yaw=129.24857&pitch=0&thumbfov=100,,,"",
CABA,"CDD 34","Santiago del Estero 1167, C1103 CABA",5941-3308/3309,https://streetviewpixels-pa.googleapis.com/v1/thumbnail?panoid=MKxrvOh84nOoZWZQRgfHVw&cb_client=search.gws-prod.gps&w=408&h=240&yaw=273.32413&pitch=0&thumbfov=100,,,"",
CABA,"CDD 33","José Aarón Salmún Feijóo 555 C1274AGE CABA",5432-2613/14,https://streetviewpixels-pa.googleapis.com/v1/thumbnail?panoid=Osr_UqBMmkWTy0-DvUNgYA&cb_client=search.gws-prod.gps&w=408&h=240&yaw=242.5322&pitch=0&thumbfov=100,,,"",
CABA,"CDD 30","Av. Monroe 3390 C1430BKN CABA",4542-2225,https://streetviewpixels-pa.googleapis.com/v1/thumbnail?panoid=YJwOSzXFJeDtEICacLkKdA&cb_client=search.gws-prod.gps&w=408&h=240&yaw=150.18808&pitch=0&thumbfov=100,,,"",
CABA,"CDD 28","Av. Cabildo 2349, C1428AAF CABA",4783-3180,https://streetviewpixels-pa.googleapis.com/v1/thumbnail?panoid=14A-qhUz_cYp4lQImVyGtg&cb_client=search.gws-prod.gps&w=408&h=240&yaw=50.51719&pitch=0&thumbfov=100,,,"",
CABA,"CDD 25","",,,,,"",
CABA,"CDD 27","Virrey Arredondo 2959, C1426EAC CABA",4551-8407/7021,https://streetviewpixels-pa.googleapis.com/v1/thumbnail?panoid=B7ar8KSQqjYDD51NgC2fJw&cb_client=search.gws-prod.gps&w=408&h=240&yaw=346.3949&pitch=0&thumbfov=100,,,"",
CABA,"CDD 24","Craig 805, C1424ACE CABA",4922-2597,https://streetviewpixels-pa.googleapis.com/v1/thumbnail?panoid=Vy44fBUFbeYk5R19OOZEHw&cb_client=search.gws-prod.gps&w=408&h=240&yaw=210.52313&pitch=0&thumbfov=100,,,"",
CABA,"CDD 23","La Rioja 1189, C1221ACM CABA*",4931-8292/6163,https://streetviewpixels-pa.googleapis.com/v1/thumbnail?panoid=PjPd-vsjds5PlI2FCQtIiQ&cb_client=search.gws-prod.gps&w=408&h=240&yaw=297.5941&pitch=0&thumbfov=100,,,"",
CABA,"CDD 17","Helguera 2901, C1417CQO CABA",4504-4909/9017,https://streetviewpixels-pa.googleapis.com/v1/thumbnail?panoid=N9GcHjdJZZRlvlPklGoiVQ&cb_client=search.gws-prod.gps&w=408&h=240&yaw=62.31091&pitch=0&thumbfov=100,,,"",
CABA,"CDD 16","Av. San Martín no 2710, Buenos Aires",4581-4107/0494/0801,https://streetviewpixels-pa.googleapis.com/v1/thumbnail?panoid=hHdUpUk0t9F7a3kt5Z3Wzw&cb_client=search.gws-prod.gps&w=408&h=240&yaw=191.00166&pitch=0&thumbfov=100,,,"",
CABA,"CDD 13","Av. Corrientes 3702, Buenos Aires",4862-3424/4862-7787,https://streetviewpixels-pa.googleapis.com/v1/thumbnail?panoid=7iDLN9ukuGxTUEDuSsQOGg&cb_client=search.gws-prod.gps&w=408&h=240&yaw=196.8028&pitch=0&thumbfov=100,,,"",
CABA,"CDD 12","Av. Pueyrredón 1352 C1118*AAQ CABA",4821-9352/4825-2152,https://streetviewpixels-pa.googleapis.com/v1/thumbnail?panoid=Yn9timrFkP1MgByJnx5ODg&cb_client=search.gws-prod.gps&w=408&h=240&yaw=295.00632&pitch=0&thumbfov=100,,,"",
CABA,"Sarmiento 151/CABA","",,,,,"",
CABA,"Caye RETIRO","Antart. Argentina y Cdro Py",4316-1734,https://lh5.googleusercontent.com/p/AF1QipM2gQmhZSowiKsslaTrSCdUty1zUngRhMo0nKvJ=w408-h306-k-no,Z1,Metro,"ARCHIVO GENERAL",2000
CABA,"Catalinas","Av. Leandro N. Alem 616, C1001 AAO, Buenos Aires",4893-1495,https://streetviewpixels-pa.googleapis.com/v1/thumbnail?panoid=NU5oUn3_iMgUCsVIRY4wag&cb_client=search.gws-prod.gps&w=408&h=240&yaw=283.1326&pitch=0&thumbfov=100,,,"",
CABA,"Caballito","Av. Rivadavia Nº 5337",4903-7833,SUC_Images/53.IMAGEN.184855.png,Z3,Metro,"Sucursal",144
CABA,"Belgrano","Av. Cabildo 2348",4784-2590,https://streetviewpixels-pa.googleapis.com/v1/thumbnail?panoid=14A-qhUz_cYp4lQImVyGtg&cb_client=search.gws-prod.gps&w=408&h=240&yaw=50.51719&pitch=0&thumbfov=100,Z1,Metro,"Sucursal",200
CABA,"Barrio Norte","Av. Pueyrredón 1352",4827-9414,https://streetviewpixels-pa.googleapis.com/v1/thumbnail?panoid=Yn9timrFkP1MgByJnx5ODg&cb_client=search.gws-prod.gps&w=408&h=240&yaw=295.00632&pitch=0&thumbfov=100,Z2,Metro,"Sucursal",500
CABA,"Barracas","Salmun Feijoo 565",4303-7279,https://streetviewpixels-pa.googleapis.com/v1/thumbnail?panoid=-JQW6PqPPGYK5L8rbrfDTA&cb_client=search.gws-prod.gps&w=408&h=240&yaw=138.22182&pitch=0&thumbfov=100,Z3,Metro,"Sucursal",120
CABA,"Banco Nación","AAF, Bartolomé Mitre 326, C1036 Avellaneda, Buenos Aires",4331-7477,https://lh5.googleusercontent.com/p/AF1QipPFcTiAScExUVDgpCoUQU7zosQemL_wtTjwi28=w426-h240-k-no,,,"",
CABA,"Avenida De Mayo","Av. de Mayo 770, C1084 AAP, Buenos Aires",4345-4328,https://streetviewpixels-pa.googleapis.com/v1/thumbnail?panoid=nSqie0YrKSBmjDAISFyCXg&cb_client=search.gws-prod.gps&w=408&h=240&yaw=163.1442&pitch=0&thumbfov=100,,,"",
CABA,"Almagro","Av. Medrano Nº 66",4981-1761,https://streetviewpixels-pa.googleapis.com/v1/thumbnail?panoid=k6DuYMZXxGop79Rz2N5njQ&cb_client=search.gws-prod.gps&w=408&h=240&yaw=256.99036&pitch=0&thumbfov=100,Z2,Metro,"Sucursal",405
CABA,"Aeroparque","Aeroparque Internacional Jorge Newbery, Buenos Aires",4776-5782,SUC_Images/9.IMAGEN.220254.png,,,"",
CABA,"Abasto","Av. Corrientes Nº 3702",4862-4206,https://streetviewpixels-pa.googleapis.com/v1/thumbnail?panoid=7iDLN9ukuGxTUEDuSsQOGg&cb_client=search.gws-prod.gps&w=408&h=240&yaw=196.8028&pitch=0&thumbfov=100,Z2,Metro,"Suc./RRHH/OF. JUDICIALES",1438
CABA,"Pompeya","Del Barco Centenera",,,Z3,Metro,"Sucursal",262
CABA,"Ventura de la Vega 3940/CABA","Ventura de la Vega 3940/CABA",,,,,"",
CABA,"Av. Saenz 753/CABA","",,,,,"",
CABA,"CAPITAL HUMANO","",,,,,"",
EDIFICIOS,"Sede Central Operativa Mte. Grande 2","Av. V. Fair 1398-1300, El Jagüel, Provincia de Buenos Aires",+54 9 11 2385-1891,https://lh5.googleusercontent.com/p/AF1QipPRDsDRKY7-qobCtJjGtH2p0PHsFOqDpS8tbGF7=w426-h240-k-no,,,"",
EDIFICIOS,"Planta Tortuguitas","Tte. Gral. J.D. Perón 22",+54 9 11 5387-0716,https://lh5.googleusercontent.com/p/AF1QipPqv3sg6IYJHzQwMqZ16zY_RyrfO09qdvbK5X-f=w408-h306-k-no,Z5,Metro,"Sucursal",74
EDIFICIOS,"Planta Retiro","Av. Antártida Argentina 1100, C1104 CABA",4316-1742,SUC_Images/8.IMAGEN.024956.png,,,"",
EDIFICIOS,"Av. de los Inmigrantes 1950/1° P./Caba","Ferrocarriles Del Estado, Edificio Ferrocarriles del Estado, Av. de los Inmigrantes 1950, Buenos Aires",,,,,"",
EDIFICIOS,"Ancaste 3001/CABA","",,,,,"",
EDIFICIOS,"Edificio San Juan","Av. San Juan 1349, C1148 CABA",4957-1503,https://lh6.googleusercontent.com/proxy/_j5wVQyxbAzZAExEu-tTNIbydUsb9EBBxir9evHAHdzy4P15MU3qQ4THCZJLug2FSzw7Ejt7494yWQ2RhudQlH3ZcJaKgy_j7r8CbC-6suQgEHhtSgJRkAiQhiDvuEdJSg9qE1RxTcQfQv2xPwHyeqleS1nuLC93LRwdTCm4o8v2=w408-h306-k-no,,,"",
EDIFICIOS,"San Juan y San Jose (San Juan 1349)","Av. San Juan 1349, C1148 CABA",,,,,"",
EDIFICIOS,"Edificio French","BRANDSEN 2070",+54 9 11 2551 3565,https://lh5.googleusercontent.com/p/AF1QipM6IKo4-50uwWYTCYaDWGBcmyX2K9MSTehO1TSl=w408-h725-k-no,CABA,Metro,"PAQUETERIA - OFICNA",10000
EDIFICIOS,"Central Operativa Mte. Grande","Av. V. Fair 1101, B1842 Monte Grande, Provincia de Buenos Aires",+54 9 11 2385-1891,https://silvestrijuanpablo.files.wordpress.com/2020/03/correo-monte-grande-4.jpeg?w=1024,,,"",
EDIFICIOS,"CDD Casa Central","Antart. Argentina y Cdro Py",,,A6,Metro,"CDD",634
NORTE,"William Morris","Conrado Villegas, Gral. Nº 1764/66",4452-4882,https://streetviewpixels-pa.googleapis.com/v1/thumbnail?panoid=g6UpS8l9C4kJ8xXUeDOOag&cb_client=search.gws-prod.gps&w=408&h=240&yaw=125.246506&pitch=0&thumbfov=100,Z5,Metro,"Sucursal",52
NORTE,"Villa San Andres","D. Aleu Nº 3063/7",4713-9011,https://lh6.googleusercontent.com/proxy/Dzu2gBP7v3HHa-bFZClckuNbffch8qCKM0vpHA9EohCglahkHQjTERs1rJEKlHPa7yaVHzHMdp4ncUd2VbJksitY9_yILCJ7ZbPcMW37dTZeQhJfvMO_R14X_p_W-vX9DUk47g5vmWYOtejydmDb5HCQbO2CB72I7Fs-NbuAP5G3=w408-h306-k-no,Z5,Metro,"Sucursal",91
NORTE,"Villa Martelli","Laprida 3586",4709-5326,https://lh6.googleusercontent.com/proxy/D5rNcAmTJqW_p0AqEzxLKg2p2cyGlQltwhGKPhy0Xz47X0-Cj029mWw9uJiuX9SQD0DfkOLAJ4oMpU3eMtA59nhtD1m4WYj09a5gTZ-zsWAppxEWAem8gBTi_Ua9eEuDxO_bP9DCV_SDGLQ_mGCq1SVtQ0IQ4idXcWHWTaETTz1H=w408-h726-k-no,Z4,Metro,"Sucursal",260
NORTE,"Villa Lynch","Av. Rep. Del Líbano Nº 4041",4755-9531,https://streetviewpixels-pa.googleapis.com/v1/thumbnail?panoid=aEY51_REDnVGqpL5P_VVwg&cb_client=search.gws-prod.gps&w=408&h=240&yaw=308.8952&pitch=0&thumbfov=100,Z5,Metro,"Sucursal",140
NORTE,"Villa Loma Hermosa","Ruta Nacional N° 8 Nº 9718",4848-1772,https://lh3.googleusercontent.com/proxy/8AS9CF2vsRwkwhbYD3ieAO417I6UDkNVNKYPTO56lcBRVqxltOhhU8Ex-dJP9piLfbAOm0KGiHXF3jy2DoxwUYqIao6JifFYFCeI719pT5ANoMD13aD5axPrhaN4iB3Jqm7oSW_oGEKAwzJOAhww1gQ2Gq0uY-SXM2E7Aayetu15=w408-h306-k-no,Z5,Metro,"Sucursal",61
NORTE,"Villa Ballester","Vicente López Nº 3044",4767-6285,https://streetviewpixels-pa.googleapis.com/v1/thumbnail?panoid=K_Ou6KB_oZN4Sgu0XpHDFA&cb_client=search.gws-prod.gps&w=408&h=240&yaw=90.548615&pitch=0&thumbfov=100,Z5,Metro,"Sucursal",200
NORTE,"Villa Adelina","Paraná Nº 6001",4708-0366,https://streetviewpixels-pa.googleapis.com/v1/thumbnail?panoid=zcaPcAhhUh2xm3apsVMHhg&cb_client=search.gws-prod.gps&w=408&h=240&yaw=273.77728&pitch=0&thumbfov=100,A1,Metro,"CDD",230
NORTE,"Victoria","Presidente Perón Nº 2579",4745-0154,https://streetviewpixels-pa.googleapis.com/v1/thumbnail?panoid=E8pXsXiZ08f9Sjf0CFJPuQ&cb_client=search.gws-prod.gps&w=408&h=240&yaw=199.98686&pitch=0&thumbfov=100,Z4,Metro,"Sucursal",346
NORTE,"Vicente Lopez","Libertador Nº 1202",4791-1203,https://streetviewpixels-pa.googleapis.com/v1/thumbnail?panoid=Hxo-J6dUD_xBb-y7-j8nYA&cb_client=search.gws-prod.gps&w=408&h=240&yaw=242.08406&pitch=0&thumbfov=100,Z4,Metro,"Sucursal",105
NORTE,"Unicenter","Paraná 3745, Martínez, Provincia de Buenos Aires",4717-2989,SUC_Images/106.IMAGEN.134712.jpg,,,"",
NORTE,"Tortuguitas","Tte. Gral. J.D. Perón 22",02320-490161,https://streetviewpixels-pa.googleapis.com/v1/thumbnail?panoid=1U9m84oSq3n5noKukzrunQ&cb_client=search.gws-prod.gps&w=408&h=240&yaw=247.83424&pitch=0&thumbfov=100,Z5,Metro,"Sucursal",74
NORTE,"Tigre","Av. Cazón Nº 1140",4749-9989,https://lh5.googleusercontent.com/p/AF1QipNd7sMK3w-Ja2FGaYP8ljLNu8HN_dLGaExtFaOI=w408-h306-k-no,Z4,Metro,"Sucursal",88
NORTE,"Soleil","Dr, Bernardo de Irigoyen 2647, B1609 Boulogne, Provincia de Buenos Aires",4710-4575,https://lh5.googleusercontent.com/p/AF1QipMYm06_Bd4dhoneuOCBi1HDdnHRqxlbLFqCkW7c=w408-h544-k-no,,,"",
NORTE,"Santos Lugares","Rodríguez Peña Nº 1846 PB",4757-0488,https://streetviewpixels-pa.googleapis.com/v1/thumbnail?panoid=_LQ9BfWs6fNNiSTGA7oL3Q&cb_client=search.gws-prod.gps&w=408&h=240&yaw=169.09877&pitch=0&thumbfov=100,Z5,Metro,"Sucursal",122
NORTE,"Santa Barbara","Corredor Bancalari - Benavidez 3901, B1617 Gral. Pacheco, Provincia de Buenos Aires",,https://streetviewpixels-pa.googleapis.com/v1/thumbnail?panoid=KNYH7uHUacEtn82a213Reg&cb_client=search.gws-prod.gps&w=408&h=240&yaw=25.05887&pitch=0&thumbfov=100,,,"",
NORTE,"San Miguel","Belgrano Nº 1374",4667-0003,https://streetviewpixels-pa.googleapis.com/v1/thumbnail?panoid=b48Uom8oXnzHV-7P2e3Wiw&cb_client=search.gws-prod.gps&w=408&h=240&yaw=310.0047&pitch=0&thumbfov=100,A2,Metro,"CDD",343
NORTE,"San Martin","Intendente Campos 1951",4713-7129,SUC_Images/118.IMAGEN.001149.png,A2,Metro,"CDD / Jef. De Área",680
NORTE,"San Isidro","Alsina 98/102",4707-0471,https://streetviewpixels-pa.googleapis.com/v1/thumbnail?panoid=WBbDo7jya77k33_LNCu0Cw&cb_client=search.gws-prod.gps&w=408&h=240&yaw=138.78648&pitch=0&thumbfov=100,A1,Metro,"CDD / Jef. De Área",318
NORTE,"San Fernando","Av. Juan Domingo Perón Nº 724",4890-1268,https://streetviewpixels-pa.googleapis.com/v1/thumbnail?panoid=JQZwWylpju3qRjZeYxhbgw&cb_client=search.gws-prod.gps&w=408&h=240&yaw=221.86823&pitch=0&thumbfov=100,A1,Metro,"CDD",426
NORTE,"Puente Saavedra","Av. Maipú Nº 438",4791-3617,https://streetviewpixels-pa.googleapis.com/v1/thumbnail?panoid=_hQNdXWmAa9oiR5FsWyHEg&cb_client=search.gws-prod.gps&w=408&h=240&yaw=242.04286&pitch=0&thumbfov=100,Z4,Metro,"Sucursal",118
NORTE,"Olivos","Av. Maipú Nº 2683/89",4711-5734,https://lh5.googleusercontent.com/p/AF1QipM6Gl-n6KZrUBsZYsK8G_PHCL3SRq1pUB6-lvr5=w408-h544-k-no,Z4,Metro,"Sucursal",240
NORTE,"Munro","Av. Vélez Sarsfield Nº 4319",4762-6865,https://lh5.googleusercontent.com/p/AF1QipMAQMRaQNPVVb-WLEYZP3VwoAzKIB7ohm6DuR3k=w426-h240-k-no,Z4,Metro,"Sucursal",270
NORTE,"Martinez","Av. Santa Fe Nº 2052",4733-3267,https://streetviewpixels-pa.googleapis.com/v1/thumbnail?panoid=TbtkA-8AvsFaRj48qiTX5Q&cb_client=search.gws-prod.gps&w=408&h=240&yaw=38.611115&pitch=0&thumbfov=100,Z4,Metro,"Sucursal",306
NORTE,"Los Polvorines","Rivadavia 2645",4663-2517,https://streetviewpixels-pa.googleapis.com/v1/thumbnail?panoid=pmfpuVKNTPJj9Ap8quQGWQ&cb_client=search.gws-prod.gps&w=408&h=240&yaw=143.42415&pitch=0&thumbfov=100,A1,Metro,"CDD",187
NORTE,"José L. Suarez","Jose Leon Suarez, B1655 Buenos Aires, Provincia de Buenos Aires",4729-7023,https://lh5.googleusercontent.com/p/AF1QipO0N54R6Ftqw2Qir4f7JOsQbljVsql08bWoOg3c=w426-h240-k-no,,,"",
NORTE,"José C. Paz","Roque Sáenz Peña 5009",02320-422366,https://streetviewpixels-pa.googleapis.com/v1/thumbnail?panoid=gqiAYJ30mWvbala4Wi3aRA&cb_client=search.gws-prod.gps&w=408&h=240&yaw=247.6145&pitch=0&thumbfov=100,A2,Metro,"CDD",251
NORTE,"Independencia 2972/Carapachay","Independencia 2972, B1606DNB Carapachay, Provincia de Buenos Aires",,,,,"",
NORTE,"Hurlingham","Av. Vergara Nº 3443",4665-0484,https://lh5.googleusercontent.com/p/AF1QipOoiGb3XGhJykS10LUq3RqQZK22UMrC2FFAUEH0=w408-h306-k-no,A2,Metro,"CDD",319
NORTE,"Grand Bourg","Francisco Seguí Nº 1722",02320-480196,SUC_Images/114.IMAGEN.000451.png,Z5,Metro,"Sucursal",110
NORTE,"General Pacheco","Hipólito Yrigoyen 214",4740-1176,SUC_Images/96.IMAGEN.195233.png,A1,Metro,"CDD",322
NORTE,"Florida","Av. San Martin Nº 2849",4797-2794,https://streetviewpixels-pa.googleapis.com/v1/thumbnail?panoid=Ag43IIYiXj74tCETtkBOyQ&cb_client=search.gws-prod.gps&w=408&h=240&yaw=331.7589&pitch=0&thumbfov=100,Z4,Metro,"Sucursal",168
NORTE,"Don Torcuato","Av. Alvear Nº 1656 (Ruta 202)",4741-3120,https://streetviewpixels-pa.googleapis.com/v1/thumbnail?panoid=mqQxiObULiH-lXkkO1iCTQ&cb_client=search.gws-prod.gps&w=408&h=240&yaw=145.08148&pitch=0&thumbfov=100,A1,Metro,"CDD / SUC",220
NORTE,"Del Viso","Av. Madero Nº 1395",02320-470441,https://streetviewpixels-pa.googleapis.com/v1/thumbnail?panoid=BJ2rgq21ikdwN76saLF_QA&cb_client=search.gws-prod.gps&w=408&h=240&yaw=116.09998&pitch=0&thumbfov=100,Z5,Metro,"Sucursal",110
NORTE,"CDP Vte. Lopez/Pelliza 3780","Mariano Pelliza 3750, B1636FER Olivos, Provincia de Buenos Aires",,https://streetviewpixels-pa.googleapis.com/v1/thumbnail?panoid=gID75-35HrlbCpGAW6m6UQ&cb_client=search.gws-prod.gps&w=408&h=240&yaw=146.45749&pitch=0&thumbfov=100,,,"",
NORTE,"Cdd Zarate","Dr. Félix Pagola 35, B2800 Zárate, Provincia de Buenos Aires",(03487)422153,https://streetviewpixels-pa.googleapis.com/v1/thumbnail?panoid=CPG_syK4z8G0wEMuQkq52g&cb_client=search.gws-prod.gps&w=408&h=240&yaw=84.09735&pitch=0&thumbfov=100,,,"",
NORTE,"CDD Villa Ballester","Vicente López Nº 3044",4767-6285,https://lh5.googleusercontent.com/p/AF1QipOUI-r4mjUthpEO36SDKWYexyJnEOdoiwjQ-ONR=w426-h240-k-no,Z5,Metro,"Sucursal",200
NORTE,"CDD Villa Adelina","Paraná Nº 6001",4763-0104,https://streetviewpixels-pa.googleapis.com/v1/thumbnail?panoid=zcaPcAhhUh2xm3apsVMHhg&cb_client=search.gws-prod.gps&w=408&h=240&yaw=273.77728&pitch=0&thumbfov=100,A1,Metro,"CDD",230
NORTE,"CDD Vicente López","Libertador Nº 1202",4718-1731/1604,https://streetviewpixels-pa.googleapis.com/v1/thumbnail?panoid=gID75-35HrlbCpGAW6m6UQ&cb_client=search.gws-prod.gps&w=408&h=240&yaw=146.45749&pitch=0&thumbfov=100,Z4,Metro,"Sucursal",105
NORTE,"CDD San Miguel","Belgrano Nº 1374",4664-7962,https://streetviewpixels-pa.googleapis.com/v1/thumbnail?panoid=ZPWub2nJ8CUWyEcbIua0lw&cb_client=search.gws-prod.gps&w=408&h=240&yaw=311.23642&pitch=0&thumbfov=100,A2,Metro,"CDD",343
NORTE,"CDD San Martin","Intendente Campos 1951",4713-7129,SUC_Images/118.IMAGEN.001149.png,A2,Metro,"CDD / Jef. De Área",680
NORTE,"CDD San Isidro","Alsina 98/102",4732-2022/1806,https://lh5.googleusercontent.com/p/AF1QipPEQNz0XIzLXU1IGHIb5PbsXTEcvK7BLfiVooA_=w408-h544-k-no,A1,Metro,"CDD / Jef. De Área",318
NORTE,"CDD San Fernando","Av. Juan Domingo Perón Nº 724",4890-1731/1732,https://streetviewpixels-pa.googleapis.com/v1/thumbnail?panoid=skSeLQuUHjs4YTdd3XlSJw&cb_client=search.gws-prod.gps&w=408&h=240&yaw=34.767384&pitch=0&thumbfov=100,A1,Metro,"CDD",426
NORTE,"CDD Pilar","Av. Tomás Márquez 1294, Pilar Centro, Provincia de Buenos Aires",(02304)426240/420400,https://streetviewpixels-pa.googleapis.com/v1/thumbnail?panoid=qrdd_qWbEdjN8pCxJcD_DQ&cb_client=search.gws-prod.gps&w=408&h=240&yaw=82.97855&pitch=0&thumbfov=100,,,"",
NORTE,"CDD Manuel Alberti","Hipólito Yrigoyen 651-699, B1664 Manuel Alberti, Provincia de Buenos Aires",02320-491500/627670,https://maps.gstatic.com/tactile/pane/default_geocode-2x.png,,,"",
NORTE,"CDD Los Polvorines","Rivadavia 2645",4660-5070/4660-0276,https://streetviewpixels-pa.googleapis.com/v1/thumbnail?panoid=YSN_YCFOhj-pgrPVf4jf3A&cb_client=search.gws-prod.gps&w=408&h=240&yaw=324.61398&pitch=0&thumbfov=100,A1,Metro,"CDD",187
NORTE,"CDD J. C. Paz","Roque Sáenz Peña no 5009, José C. Paz, Provincia de Buenos Aires",02320-422798,https://streetviewpixels-pa.googleapis.com/v1/thumbnail?panoid=gqiAYJ30mWvbala4Wi3aRA&cb_client=search.gws-prod.gps&w=408&h=240&yaw=247.6145&pitch=0&thumbfov=100,,,"",
NORTE,"Cdd Ing. Maschwitz","La Plata 1125, B1623 ESW, Provincia de Buenos Aires",03484-629807,https://streetviewpixels-pa.googleapis.com/v1/thumbnail?panoid=QKMkpHNGjw6XYFpnVDcYOg&cb_client=search.gws-prod.gps&w=408&h=240&yaw=65.69051&pitch=0&thumbfov=100,,,"",
NORTE,"CDD Gral. Pacheco","Avenida Hipólito Yrigoyen no 214, General Pacheco, Provincia de Buenos Aires",4740-5695,https://streetviewpixels-pa.googleapis.com/v1/thumbnail?panoid=fBg9Ui9PtI5Lj5chGHeevw&cb_client=search.gws-prod.gps&w=408&h=240&yaw=170.10641&pitch=0&thumbfov=100,,,"",
NORTE,"Cdd Escobar","Rivadavia 302, B1625 Belén de Escobar, Provincia de Buenos Aires",03484-420051/429309,https://streetviewpixels-pa.googleapis.com/v1/thumbnail?panoid=pWLDYWj0o3v5A_shQ9HNRw&cb_client=search.gws-prod.gps&w=408&h=240&yaw=237.99487&pitch=0&thumbfov=100,,,"",
NORTE,"CDD Don Torcuato","Av. Alvear Nº 1656 (Ruta 202)",4519-6483,SUC_Images/139.IMAGEN.003223.png,A1,Metro,"CDD / SUC",220
NORTE,"Cdd Campana","San Martín 274, B2804 Campana, Provincia de Buenos Aires",(03489)438331,https://streetviewpixels-pa.googleapis.com/v1/thumbnail?panoid=m-PKN82ZLaVi34XTPRPGTQ&cb_client=search.gws-prod.gps&w=408&h=240&yaw=85.79955&pitch=0&thumbfov=100,,,"",
NORTE,"Caseros","Av. Urquiza Nº 4826",4750-1090,SUC_Images/111.IMAGEN.000108.png,Z5,Metro,"Sucursal",190
NORTE,"Campana","San Martín 274, B2804 Campana, Provincia de Buenos Aires",,https://lh5.googleusercontent.com/p/AF1QipM_d1zniOm79TYV6TGDjNyVlxv7ByzCtTJ0fM6m=w426-h240-k-no,,,"",
NORTE,"Boulogne","Av. Rolon Nº 2384",4766-4202,SUC_Images/93.IMAGEN.194943.png,Z4,Metro,"Sucursal",88
NORTE,"Benavidez","Av. Benavidez 2680",03327-481940,https://lh5.googleusercontent.com/p/AF1QipN3YJFsOa3gSJDZuCzEjnTivvqlYIasWcfSLiTt=w408-h725-k-no,Z4,Metro,"Agencia",58
NORTE,"Bella Vista","Senador Morón Nº 1090",4666-0050,https://streetviewpixels-pa.googleapis.com/v1/thumbnail?panoid=QgTdA31bpI8LTZNQuyP9gA&cb_client=search.gws-prod.gps&w=408&h=240&yaw=291.3001&pitch=0&thumbfov=100,Z5,Metro,"Sucursal",198
NORTE,"Acassuso","Av. Santa Fe Nº 766",4732-3764,https://lh5.googleusercontent.com/p/AF1QipPRBMziAmXm1KRIgn-i7rvzqfJmGOcZoWaKvgbu=w408-h306-k-no,Z4,Metro,"Sucursal",77
OESTE,"Villa Madero","Mariquita Thompson Nº 10",4652-3054,https://streetviewpixels-pa.googleapis.com/v1/thumbnail?panoid=LKZQ84HoSsKy53Y-FjBGNA&cb_client=search.gws-prod.gps&w=408&h=240&yaw=25.121866&pitch=0&thumbfov=100,Z6,Metro,"Sucursal",80
OESTE,"Villa Bosch","Santos Vega Nº 6121",4844-9548,SUC_Images/124.IMAGEN.001557.png,Z5,Metro,"Sucursal",49
OESTE,"Tapiales","Humaitá Nº 1156",4442-3883,https://streetviewpixels-pa.googleapis.com/v1/thumbnail?panoid=lBmEbdtWG4E5vDjBmXQADQ&cb_client=search.gws-prod.gps&w=408&h=240&yaw=99.66535&pitch=0&thumbfov=100,A4,Metro,"CDD",384
OESTE,"Santos Tesei","Av. Pedro Díaz Nº 444 U.F. N° 2",4459-4586,https://lh5.googleusercontent.com/p/AF1QipPbNcij9fB_5hEKq7wDmeiO9n2nsivDuIjPxSH4=w408-h597-k-no,Z5,Metro,"Sucursal",80
OESTE,"San Justo","Almafuerte 3171/79",4484-6803,https://lh5.googleusercontent.com/p/AF1QipND-sedo6PM6xgMCiOtrywX6-aJ6fDEU_CqIikT=w408-h306-k-no,A4,Metro,"CDD",346
OESTE,"San Antonio De Padua","Directorio Nº 202",0220-4837685,https://streetviewpixels-pa.googleapis.com/v1/thumbnail?panoid=EQXLxoQO5c5nGEguYZ6vdw&cb_client=search.gws-prod.gps&w=408&h=240&yaw=67.07524&pitch=0&thumbfov=100,Z6,Metro,"Sucursal",230
OESTE,"Ramos Mejia","Av. Rivadavia 14178",4469-2703,SUC_Images/163.IMAGEN.005842.png,A4,Metro,"CDD",320
OESTE,"Rafael Castillo","Santa Cruz Nº 1071",4697-8142,https://streetviewpixels-pa.googleapis.com/v1/thumbnail?panoid=Ix-3ERHk_0YCt6OuK8ZRHQ&cb_client=search.gws-prod.gps&w=408&h=240&yaw=9.9855585&pitch=0&thumbfov=100,Z6,Metro,"Sucursal",74
OESTE,"Paso Del Rey","Av. Salvador Maria Del Carril Nº 52",0237-4622491,https://lh5.googleusercontent.com/p/AF1QipOy_7rzgToUY6Yp6SVam7kl0GscUyYuMFm_d_jt=w408-h503-k-no,Z6,Metro,"Sucursal",79
OESTE,"Morón","Belgrano Nº 252",1167045400,https://streetviewpixels-pa.googleapis.com/v1/thumbnail?panoid=clYDx1qZkQnSuYemlO5Ctg&cb_client=search.gws-prod.gps&w=408&h=240&yaw=92.180855&pitch=0&thumbfov=100,Z6,Metro,"Sucursal",500
OESTE,"Moreno","Maipú 76/86",0237-4639703,https://lh5.googleusercontent.com/p/AF1QipMHXci7JF1QAD8Sp1DSY3_K52f5w9JYGdEPaxU2=w408-h306-k-no,A2,Metro,"CDD",550
OESTE,"Merlo","Av. Libertador 556",0220-4851679,https://streetviewpixels-pa.googleapis.com/v1/thumbnail?panoid=whu_ZLx0juXJQzSpoHukcg&cb_client=search.gws-prod.gps&w=408&h=240&yaw=288.47855&pitch=0&thumbfov=100,A2,Metro,"CDD",437
OESTE,"Mercado Central","RICCHERI Y B. SUR MER",4462-4042,https://streetviewpixels-pa.googleapis.com/v1/thumbnail?panoid=mEtZXrnxrVUPU0tP2HdqaQ&cb_client=search.gws-prod.gps&w=408&h=240&yaw=42.920662&pitch=0&thumbfov=100,SUR,Metro,"Operaciones",21600
OESTE,"Lomas Del Mirador","Juan M. Rosas Nº 699",4699-3751,https://lh5.googleusercontent.com/p/AF1QipNsoxITIFRKt3p-DaBcqeeNMPuzuYTjr6SBMC0s=w426-h240-k-no,Z6,Metro,"Sucursal",200
OESTE,"Libertad","Juan B. Justo Nº 2670",0220-4947347,https://lh5.googleusercontent.com/p/AF1QipOp65Evb_xnwvm9svjn81eiAf3402XSK3GyDaJu=w408-h306-k-no,Z6,Metro,"Sucursal",150
OESTE,"Laferrere","Coronel Montt Nº 3951",4626-7913,https://streetviewpixels-pa.googleapis.com/v1/thumbnail?panoid=RHzZypMdPRZpjggHVsM--Q&cb_client=search.gws-prod.gps&w=408&h=240&yaw=69.7754&pitch=0&thumbfov=100,A4,Metro,"CDD",616
OESTE,"La Tablada","Av. Crovara Nº 3035",4454-8821,https://streetviewpixels-pa.googleapis.com/v1/thumbnail?panoid=tVzbaGmsc4CYCS7oCrVoEw&cb_client=search.gws-prod.gps&w=408&h=240&yaw=327.75244&pitch=0&thumbfov=100,Z6,Metro,"Sucursal",154
OESTE,"Ituzaingo","Olazábal Nº 728",4623-0588,https://streetviewpixels-pa.googleapis.com/v1/thumbnail?panoid=bAg09XUtoK8GRxp6J0wB_w&cb_client=search.gws-prod.gps&w=408&h=240&yaw=189.38211&pitch=0&thumbfov=100,A2,Metro,"CDD",250
OESTE,"I. Casanova","Av. Brig. Gral. Juan Manuel de Rosas 6801, B1765AAD La Matanza, Provincia de Buenos Aires",4625-0988,https://streetviewpixels-pa.googleapis.com/v1/thumbnail?panoid=jne_yVrPqcIXjQ_QKo-HBQ&cb_client=search.gws-prod.gps&w=408&h=240&yaw=306.0837&pitch=0&thumbfov=100,,,"",
OESTE,"Haedo","Av. Rivadavia Nº 16380",4650-7468,https://lh5.googleusercontent.com/p/AF1QipNM9OXvZeweHwVyBIxxBRFiq7E-_gdxGMjjWrKw=w408-h306-k-no,Z6,Metro,"Sucursal",100
OESTE,"Gonzalez Catán","Barragán 4167",02202-431468,SUC_Images/149.IMAGEN.004802.png,A4,Metro,"CDD",260
OESTE,"El Palomar","Rosetti N° 736",4751-3196,https://lh5.googleusercontent.com/p/AF1QipMcaokdcCLvcERO3pnFGpTTUYYyhPsEhBhlKb7o=w408-h306-k-no,A2,Metro,"CDD",561
OESTE,"Ciudadela","Av. Rivadavia Nº 12580",4653-6815,https://streetviewpixels-pa.googleapis.com/v1/thumbnail?panoid=cef0NUo5rnNtLV9_VbRMzg&cb_client=search.gws-prod.gps&w=408&h=240&yaw=176.08916&pitch=0&thumbfov=100,Z6,Metro,"Sucursal",200
OESTE,"Ciudad Evita","Av. Güemes Nº 4155",4487 1489,https://lh5.googleusercontent.com/p/AF1QipPWII2pUemYiplBNeMsM5k2x1CayKO89WbRJvu6=w408-h306-k-no,Z6,Metro,"Sucursal",100
OESTE,"CDP Morón/Entre Rios 1036/56","Entre Ríos 1098, B1708DRO Morón, Provincia de Buenos Aires",,https://lh5.googleusercontent.com/p/AF1QipNB_6U9JXhyhpq_ze47uuj1AVfYTZnVQjEvEd7a=w480-h240-k-no,,,"",
OESTE,"CDD Tapiales","Humaitá Nº 1156",,SUC_Images/171.IMAGEN.134646.jpg,A4,Metro,"CDD",384
OESTE,"CDD San Justo","Almafuerte 3171/79",4751-0632/4758-0332,https://lh5.googleusercontent.com/p/AF1QipND-sedo6PM6xgMCiOtrywX6-aJ6fDEU_CqIikT=w408-h306-k-no,A4,Metro,"CDD",346
OESTE,"CDD Ramos Mejia","Av. Rivadavia 14178",,https://streetviewpixels-pa.googleapis.com/v1/thumbnail?panoid=LpASo17n_LbiSOMFDBUz_A&cb_client=search.gws-prod.gps&w=408&h=240&yaw=180.29376&pitch=0&thumbfov=100,A4,Metro,"CDD",320
OESTE,"CDD Morón","Belgrano Nº 252",1167045400,https://streetviewpixels-pa.googleapis.com/v1/thumbnail?panoid=XTLs7xW8AKbn_6tXGOALqg&cb_client=search.gws-prod.gps&w=408&h=240&yaw=337.12897&pitch=0&thumbfov=100,Z6,Metro,"Sucursal",500
OESTE,"CDD Moreno","Maipú 76/86",0237-4664392/4625701,https://lh5.googleusercontent.com/p/AF1QipNil2P6UIekPoDk1qYg6EAYGyFDYmJ4UhhIivvv=w408-h306-k-no,A2,Metro,"CDD",550
OESTE,"CDD Merlo","Av. Libertador 556",0220-4830001/4837525,https://streetviewpixels-pa.googleapis.com/v1/thumbnail?panoid=whu_ZLx0juXJQzSpoHukcg&cb_client=search.gws-prod.gps&w=408&h=240&yaw=288.47855&pitch=0&thumbfov=100,A2,Metro,"CDD",437
OESTE,"CDD Laferrere","Coronel Montt Nº 3951",,https://streetviewpixels-pa.googleapis.com/v1/thumbnail?panoid=VwJ7EJgK9zRIn2cUeGOtOw&cb_client=search.gws-prod.gps&w=408&h=240&yaw=229.3871&pitch=0&thumbfov=100,A4,Metro,"CDD",616
OESTE,"CDD Ituzaingo","Olazábal Nº 728",4624-2335 (fax)/ 4623-4630,https://streetviewpixels-pa.googleapis.com/v1/thumbnail?panoid=bAg09XUtoK8GRxp6J0wB_w&cb_client=search.gws-prod.gps&w=408&h=240&yaw=189.38211&pitch=0&thumbfov=100,A2,Metro,"CDD",250
OESTE,"CDD Hurlingham","Av. Vergara Nº 3443",4665-0915,SUC_Images/171.IMAGEN.115226.png,A2,Metro,"CDD",319
OESTE,"CDD Gonzalez Catán","Barragán 4167",,https://streetviewpixels-pa.googleapis.com/v1/thumbnail?panoid=DMJ0Z9X5GBZ5ev5BOs8jfw&cb_client=search.gws-prod.gps&w=408&h=240&yaw=170.20181&pitch=0&thumbfov=100,A4,Metro,"CDD",260
OESTE,"CDD El Palomar","Rosetti N° 736",4751-0632/4758-0332,SUC_Images/170.IMAGEN.115512.png,A2,Metro,"CDD",561
OESTE,"Castelar","Martin Irigoyen Nº 484",4627-4936,https://lh5.googleusercontent.com/p/AF1QipPu_cZpFd9o3hx5JbVJE9LO9U2OQcIV3tkvfyrZ=w408-h306-k-no,Z6,Metro,"Sucursal",237
OESTE,"Agencia Villa Celina","Rivera Nº 2407",,SUC_Images/173.IMAGEN.112545.png,Z6,Metro,"Agencia",28
OESTE,"Agencia Fco. Alvarez","Diario la Nacion 2052, B1746 Francisco Alvarez, Provincia de Buenos Aires",,https://lh5.googleusercontent.com/p/AF1QipODCsca5gDnVgcxQPSTpjLA82Za2sag46Ttqlss=w408-h725-k-no,,,"",
OESTE,"CDP Mercado Central","RICCHERI Y B. SUR MER",,,SUR,Metro,"Operaciones",21600
OESTE,"Moreno Easy CDP CDD","Colectora Sur Acceso Oeste y, B1744 Paso del Rey, Provincia de Buenos Aires",,,,,"",
OTRAS,"OTRAS","",,,,,"",
SUR,"Wilde","Bragado Nº 6185",4207-9302,https://streetviewpixels-pa.googleapis.com/v1/thumbnail?panoid=c7yPldFmD0P5P0qC5zGq_A&cb_client=search.gws-prod.gps&w=408&h=240&yaw=241.04497&pitch=0&thumbfov=100,Z8,Metro,"Sucursal",
SUR,"Villa Porvenir","Av. Galicia 635, B1868 Piñeyro, Provincia de Buenos Aires",4218-1593,https://streetviewpixels-pa.googleapis.com/v1/thumbnail?panoid=cg9RuDPuFIGJ-nWZhgin1Q&cb_client=search.gws-prod.gps&w=408&h=240&yaw=57.57894&pitch=0&thumbfov=100,,,"",
SUR,"Villa Industriales","Cnel. D Elia 1638, B1824 Lanús, Provincia de Buenos Aires",4262-5793,https://streetviewpixels-pa.googleapis.com/v1/thumbnail?panoid=FrSkDHKrYiaratYECVAoXQ&cb_client=search.gws-prod.gps&w=408&h=240&yaw=251.30986&pitch=0&thumbfov=100,,,"",
SUR,"Villa Dominico","Av. Bartolomé Mitre Nº 3313",4204-2963,https://streetviewpixels-pa.googleapis.com/v1/thumbnail?panoid=YjMJjyUOAzWdxbPryVhYiw&cb_client=search.gws-prod.gps&w=408&h=240&yaw=229.90875&pitch=0&thumbfov=100,Z8,Metro,"Sucursal",
SUR,"V. Alsina","Juan Farrell 664, B1822 Valentín Alsina, Provincia de Buenos Aires",4208-5507,https://lh5.googleusercontent.com/p/AF1QipMtDQTj84Ef0F9RYbl47UQ7s4jHFC9m3W2NjnS_=w426-h240-k-no,,,"",
SUR,"Turdera","Antártida Argentina Nº 45",4231-2854,https://lh5.googleusercontent.com/p/AF1QipObwQAaBuK6qauepKIKA2TYj0UbBJTnY70AIABb=w426-h240-k-no,Z7,Metro,"Sucursal",90
SUR,"Tristan Suarez","Dr. Manuel Belgrano Nº 92",4976-0027,https://lh5.googleusercontent.com/p/AF1QipOQXy_1ox-gL7VssczHiRGfdlu57zqw3a46w3tA=w519-h240-k-no,Z7,Metro,"Agencia",42
SUR,"Temperley","Hipólito Irigoyen Nº 9720",4292-8960,https://streetviewpixels-pa.googleapis.com/v1/thumbnail?panoid=dPYdFqlV9_uckv32dh_QCQ&cb_client=search.gws-prod.gps&w=408&h=240&yaw=39.45849&pitch=0&thumbfov=100,A4,Metro,"CDD",262
SUR,"Sarandi","Av. Mitre Nº 1899",4204-7186,https://lh3.googleusercontent.com/proxy/LC9dYUEKjgBcpDGsx9JQ_No1y0-QFYOFUz0aGyVvD1In8VXkFWOyMDcpUsHWh2rBu1Tmpm0GziI7UKgu3O8Dt5QUGaRgG9aixQ8T8tsLfzOzvIy2qmbgp6UyzpAJcbpoSLk7u7aoAJggCNV5BvmdbC4sHKlLtmPPKxUpsoUIpIM6=w408-h306-k-no,Z8,Metro,"Sucursal",
SUR,"San Fco. Solano","897 4115, B1881 San Francisco Solano, Provincia de Buenos Aires",4271-0363,https://lh5.googleusercontent.com/p/AF1QipNkJjxF5oiN0UapNcIRvcdPeUScYZwPc1eOcUZ9=w408-h306-k-no,,,"",
SUR,"Remedios De Escalada","Av. Hipólito Yrigoyen Nº 6133",4202-3412,https://streetviewpixels-pa.googleapis.com/v1/thumbnail?panoid=y62mifOMfuvRsHSntHYjfQ&cb_client=search.gws-prod.gps&w=408&h=240&yaw=286.86484&pitch=0&thumbfov=100,Z7,Metro,"Sucursal",189
SUR,"Ranelagh","Calle 362 n°580",4223-1419,https://streetviewpixels-pa.googleapis.com/v1/thumbnail?panoid=ciAKm3vcZ4wCcrC0ZwNNAA&cb_client=search.gws-prod.gps&w=408&h=240&yaw=85.76393&pitch=0&thumbfov=100,Z8,Metro,"Sucursal",
SUR,"Rafael Calzada","Colon Nº 3395",4236-0414,https://streetviewpixels-pa.googleapis.com/v1/thumbnail?panoid=daL-teN78sy-nJNk6jwkZQ&cb_client=search.gws-prod.gps&w=408&h=240&yaw=334.7885&pitch=0&thumbfov=100,Z8,Metro,"Sucursal",
SUR,"Quilmes Oeste","12 De Octubre Nº 1964",4200-8590,https://streetviewpixels-pa.googleapis.com/v1/thumbnail?panoid=Ls-HueppvZVp4L7L6M8QyQ&cb_client=search.gws-prod.gps&w=408&h=240&yaw=136.50305&pitch=0&thumbfov=100,Z8,Metro,"Sucursal",
SUR,"Quilmes","H. Yrigoyen Nº 405",4224-0850,https://streetviewpixels-pa.googleapis.com/v1/thumbnail?panoid=AiUcTmI6IQkpELBv6W3OmA&cb_client=search.gws-prod.gps&w=408&h=240&yaw=234.61525&pitch=0&thumbfov=100,Z8,Metro,"Sucursal",
SUR,"Monte Grande","Vicente López Nº 448",4296-7169,https://streetviewpixels-pa.googleapis.com/v1/thumbnail?panoid=E3VHyHOigf70OGrcE0sE3w&cb_client=search.gws-prod.gps&w=408&h=240&yaw=40.42199&pitch=0&thumbfov=100,A4,Metro,"CDD",153
SUR,"Monte Chingolo","Centenario Uruguayo Nº 1471",4220-3528,SUC_Images/206.IMAGEN.015109.png,Z8,Metro,"Sucursal",
SUR,"Luis Guillon","Bvard. Buenos Aires Nº 1758",4281-2980,https://streetviewpixels-pa.googleapis.com/v1/thumbnail?panoid=Pp2Xc5KITqYq9hqck7lgBA&cb_client=search.gws-prod.gps&w=408&h=240&yaw=326.51862&pitch=0&thumbfov=100,Z7,Metro,"Sucursal",80
SUR,"Longchamps","Dr, Manuel Belgrano 1453, B1854 Longchamps, Provincia de Buenos Aires",4233-5037,https://streetviewpixels-pa.googleapis.com/v1/thumbnail?panoid=yeR42ZSkhhvv2dxUhwoyRw&cb_client=search.gws-prod.gps&w=408&h=240&yaw=291.64496&pitch=0&thumbfov=100,A3,Metro,"CDD /SUC",80
SUR,"Lomas De Zamora","Alem 300",4243-0625,https://streetviewpixels-pa.googleapis.com/v1/thumbnail?panoid=Y5qQfX_mcizHbti-rp6IeA&cb_client=search.gws-prod.gps&w=408&h=240&yaw=275.54352&pitch=0&thumbfov=100,Z7,Metro,"Sucursal",155
SUR,"Llavallol","A. Argentina 1620",4298-1969,https://lh6.googleusercontent.com/proxy/z341AXq6_N_YDB_yH7lz0XzmHv_pw3eeM2HfpE7hrREYNCmnEB218GLktbg0Yw42cW-haFQ5ZYm1PhMuxYC_Do22j8qIQuqpjR-2vToFOcEL3rGvRHXnNYjVDgUzdKIdGt1W629_sRDi_Tlx-JhdXwh_WYJByY-K8cWtEUr0MGmO=w408-h306-k-no,Z7,Metro,"Sucursal",190
SUR,"Lanús","Vélez Sarsfield Nº 1371",4241-2208,https://lh5.googleusercontent.com/p/AF1QipMU7JAXL0Fmm554JAzyGmKWd1Yg8S8u2bDTfHjz=w408-h725-k-no,A3,Metro,"CDD / Jef. De ÁREA",699
SUR,"Juan M. Gutierrez (Berazategui)","C. 455 721, B1890 Gutiérrez, Provincia de Buenos Aires",11-58367636,https://lh5.googleusercontent.com/p/AF1QipP7ZKt3CbxXTR_wJFdkRj6UOzaZX-2sSXaLkx6V=w408-h544-k-no,,,"",
SUR,"José Mármol","Bartolomé Mitre 2204",4294-4067,https://lh6.googleusercontent.com/proxy/KWNgzanf-gIhPkhRUHkF27Jfo9LlHgQ87bKpn74shcBpEXxrcZWNxh7yXIE8kBJfWh8Etk46ZeMgH8L8gRKEo6euqvspr-yFZScZSkXtwd53GTFvvcW6g-y5PkQLXqOOVrmDCe3s6AcrZVfbyYw2rGeZBEXQpu6BTTLUhmaCb1XA=w408-h306-k-no,Z7,Metro,"Sucursal",177
SUR,"Glew","Sarmiento Nº 50",02224-434059,https://streetviewpixels-pa.googleapis.com/v1/thumbnail?panoid=-B3SykaoAuiEVkIwQg2t_w&cb_client=search.gws-prod.gps&w=408&h=240&yaw=139.06609&pitch=0&thumbfov=100,Z7,Metro,"Agencia",41
SUR,"Gerli","Av. Hipólito Yrigoyen 2317",4208-6982,SUC_Images/205.IMAGEN.014820.png,Z8,Metro,"Sucursal",
SUR,"Florencio Varela","Av. San Martín Nº 3041/45",4237-2120,https://lh5.googleusercontent.com/p/AF1QipOhvlv_exmMJ1nHMi0jBs2I2c1CGtSYo2kyiKQC=w426-h240-k-no,A3,Metro,"CDD",280
SUR,"Ezpeleta","Chile Nº 379 Local 2",4216-5457,https://lh3.googleusercontent.com/proxy/v3HSTY2Jxnet_BnmK067uW06wP1nPqsaO13TPZivwEpzvVe-aum-je8GnWZoWE8mdU0fh4Gy3scMVgrNK-JhA1-xrApghCAvdy7QRKP09wteQr8CAFNieegpHiG7S1u31imhvPgwVGX8u62v4nqsA9RUI70Pmwxb8TsYWDB6ryfz=w408-h306-k-no,Z8,Metro,"Sucursal",90
SUR,"Ezeiza","French N° 198",4232-9297,https://streetviewpixels-pa.googleapis.com/v1/thumbnail?panoid=ML8pmZyj6X2hFuJ9eZzDoA&cb_client=search.gws-prod.gps&w=408&h=240&yaw=231.9788&pitch=0&thumbfov=100,A4,Metro,"CDD",157
SUR,"El Pato (Florencio Varela)","Av. San Martín Nº 3041/45",02229-491520,https://streetviewpixels-pa.googleapis.com/v1/thumbnail?panoid=Sd6OntzU9NmlRpKqPFjpvA&cb_client=search.gws-prod.gps&w=408&h=240&yaw=153.20627&pitch=0&thumbfov=100,A3,Metro,"CDD",280
SUR,"El Jaguel","Av. Dardo Rocha 2556, El Jagüel, Provincia de Buenos Aires",,,,,"",
SUR,"Dock Sud","Virrey J.J. de Vertiz Nº 1043",4201-6407,https://streetviewpixels-pa.googleapis.com/v1/thumbnail?panoid=rBsqFHrwPOWcO0KH6x92rw&cb_client=search.gws-prod.gps&w=408&h=240&yaw=197.3024&pitch=0&thumbfov=100,Z8,Metro,"Sucursal",98
SUR,"Ctp Bue (Luis Guillon)","Bvard. Buenos Aires Nº 1758",6316-1470,https://lh5.googleusercontent.com/p/AF1QipNbQ2EjLTWsuXC9IVvudqxA6tqTOYH7Mt6DJrNx=w426-h240-k-no,Z7,Metro,"Sucursal",80
SUR,"Cruce Varela","Av. Cno. Gral. Belgrano 6385",4237-4262,https://lh5.googleusercontent.com/p/AF1QipMogzJcwjdZ9HNXEEePB3bw87COHBfzsOSpqFAr=w426-h240-k-no,Z8,Metro,"Sucursal",110
SUR,"EX CDP Quilmes/Av. La Plata 2327","Av. La Plata 2327, Quilmes Oeste, Provincia de Buenos Aires",541138764627,https://streetviewpixels-pa.googleapis.com/v1/thumbnail?panoid=821pdghhQfenhSH_xTl9uw&cb_client=search.gws-prod.gps&w=408&h=240&yaw=258.53772&pitch=0&thumbfov=100,,,"",
SUR,"CDP L. de Zamora/Av. Frias 1147","EGA, Gral. Frías 1147, B1832EGA Lomas de Zamora, Provincia de Buenos Aires",,https://streetviewpixels-pa.googleapis.com/v1/thumbnail?panoid=g7AjcpIDJB5dP5keNF6iyg&cb_client=search.gws-prod.gps&w=408&h=240&yaw=271.0082&pitch=0&thumbfov=100,,,"",
SUR,"CDP Quilmes/Martin Rodriguez 199","Martín Rodríguez 199, Quilmes, Provincia de Buenos Aires",,,,,"",
SUR,"CDD Temperley","Hipólito Irigoyen Nº 9720",,https://streetviewpixels-pa.googleapis.com/v1/thumbnail?panoid=zPZms0lz2DED171jBpOd3Q&cb_client=search.gws-prod.gps&w=408&h=240&yaw=27.256224&pitch=0&thumbfov=100,A4,Metro,"CDD",262
SUR,"CDD San Vicente","9 de Julio 37, B1865 San Vicente, Provincia de Buenos Aires",02225-484309,https://streetviewpixels-pa.googleapis.com/v1/thumbnail?panoid=cPWYCYSYgChTdyqjbdhs0w&cb_client=search.gws-prod.gps&w=408&h=240&yaw=234.97154&pitch=0&thumbfov=100,,,"",
SUR,"CDD Quilmes Oeste","12 De Octubre Nº 1964",4250-2420/4250-3041,https://streetviewpixels-pa.googleapis.com/v1/thumbnail?panoid=_F1EL3VlSeuJR4P-aFqX2g&cb_client=search.gws-prod.gps&w=408&h=240&yaw=65.53763&pitch=0&thumbfov=100,Z8,Metro,"Sucursal",
SUR,"CDD Quilmes Este","Humberto Primo 336, Quilmes, Provincia de Buenos Aires",4224-2739/2753,https://streetviewpixels-pa.googleapis.com/v1/thumbnail?panoid=dZv6ai1wLHs2gVOccxoyvA&cb_client=search.gws-prod.gps&w=408&h=240&yaw=8.439594&pitch=0&thumbfov=100,,,"",
SUR,"CDD Monte Grande","Vicente López Nº 448",,SUC_Images/244.IMAGEN.190116.png,A4,Metro,"CDD",153
SUR,"CDD Longchamps","Belgrano Dr, Manuel Belgrano 1453, B1854 Longchamps, Provincia de Buenos Aires",4297-1345,https://streetviewpixels-pa.googleapis.com/v1/thumbnail?panoid=yeR42ZSkhhvv2dxUhwoyRw&cb_client=search.gws-prod.gps&w=408&h=240&yaw=291.64496&pitch=0&thumbfov=100,A3,Metro,"CDD /SUC",80
SUR,"CDD Lomas De Zamora","Alem 300",,https://maps.app.goo.gl/KCG99jxcE2M8j8UUA,Z7,Metro,"Sucursal",155
SUR,"CDD Lanús","Vélez Sarsfield Nº 1371",4247-9747,https://streetviewpixels-pa.googleapis.com/v1/thumbnail?panoid=u2rvdN9oA1JQ0iEhtNeXOw&cb_client=search.gws-prod.gps&w=408&h=240&yaw=287.91458&pitch=0&thumbfov=100,A3,Metro,"CDD / Jef. De ÁREA",699
SUR,"CDD Florencio Varela","Av. San Martín Nº 3041/45",4255-0231/6828 4287-3712,https://streetviewpixels-pa.googleapis.com/v1/thumbnail?panoid=X1i7UwfrOV1rSKVgTxNIHA&cb_client=search.gws-prod.gps&w=408&h=240&yaw=182.05553&pitch=0&thumbfov=100,A3,Metro,"CDD",280
SUR,"CDD Ezeiza","French N° 198",2327208,https://streetviewpixels-pa.googleapis.com/v1/thumbnail?panoid=ML8pmZyj6X2hFuJ9eZzDoA&cb_client=search.gws-prod.gps&w=408&h=240&yaw=231.9788&pitch=0&thumbfov=100,A4,Metro,"CDD",157
SUR,"CDD Claypole","Remedios De Escalada Nº 723",4219-0667,https://streetviewpixels-pa.googleapis.com/v1/thumbnail?panoid=koYFY6ocy62e4r54iF325Q&cb_client=search.gws-prod.gps&w=408&h=240&yaw=87.62024&pitch=0&thumbfov=100,A3,Metro,"CDD",168
SUR,"CDD Bernal","Av. De Los Quilmes Nº 1938",4252-3271,https://lh5.googleusercontent.com/p/AF1QipOYs6ubhzqN3MBReuqmHhpB3Bt0RrpJ1Pv6nrxl=w426-h240-k-no,A3,Metro,"CDD",200
SUR,"CDD Berazategui","Rigolleau Nº 4457",4226-5120/5140,https://streetviewpixels-pa.googleapis.com/v1/thumbnail?panoid=LeMpiJHHDELBHFftisdwWQ&cb_client=search.gws-prod.gps&w=408&h=240&yaw=166.52043&pitch=0&thumbfov=100,A3,Metro,"CDD",407
SUR,"CDD Banfield","Av. Alsina Nº 658",4248-7975,https://streetviewpixels-pa.googleapis.com/v1/thumbnail?panoid=QD2BBh2FQgqtT6IZfDC5DA&cb_client=search.gws-prod.gps&w=408&h=240&yaw=181.87666&pitch=0&thumbfov=100,Z7,Metro,"Sucursal",214
SUR,"CDD Avellaneda","Belgrano Nº 390",4201-8782/4222-1803,https://streetviewpixels-pa.googleapis.com/v1/thumbnail?panoid=3T2e606HpSxq3XihZOis2A&cb_client=search.gws-prod.gps&w=408&h=240&yaw=49.775326&pitch=0&thumbfov=100,A3,Metro,"CDD",250
SUR,"CDD Almirante Brown","Francisco Seguí 880, B1846DSR Adrogué, Provincia de Buenos Aires",4294-9159/9574,https://streetviewpixels-pa.googleapis.com/v1/thumbnail?panoid=M6opLuRCUY057Z-r9yCY6A&cb_client=search.gws-prod.gps&w=408&h=240&yaw=139.07584&pitch=0&thumbfov=100,,,"",
SUR,"Burzaco","Julio A. Roca Nº 983",15-63726416,https://streetviewpixels-pa.googleapis.com/v1/thumbnail?panoid=GJZ7Zox_SzI-lWh_1dQtdg&cb_client=search.gws-prod.gps&w=408&h=240&yaw=208.13156&pitch=0&thumbfov=100,Z7,Metro,"Sucursal",120
SUR,"Bernal","Av. De Los Quilmes Nº 1938",4251-4835,SUC_Images/200.IMAGEN.014315.png,A3,Metro,"CDD",200
SUR,"Berazategui","Rigolleau Nº 4457",4256-1585,https://streetviewpixels-pa.googleapis.com/v1/thumbnail?panoid=SyQWy4xf0DQqF7MgajniBg&cb_client=search.gws-prod.gps&w=408&h=240&yaw=146.02576&pitch=0&thumbfov=100,A3,Metro,"CDD",407
SUR,"Banfield","Av. Alsina Nº 658",4202-4897,https://streetviewpixels-pa.googleapis.com/v1/thumbnail?panoid=FUYCczLpnSPTTo-rj6j4yg&cb_client=search.gws-prod.gps&w=408&h=240&yaw=96.41717&pitch=0&thumbfov=100,Z7,Metro,"Sucursal",214
SUR,"Avellaneda","Belgrano Nº 390",4201-0083,https://streetviewpixels-pa.googleapis.com/v1/thumbnail?panoid=3T2e606HpSxq3XihZOis2A&cb_client=search.gws-prod.gps&w=408&h=240&yaw=49.775326&pitch=0&thumbfov=100,A3,Metro,"CDD",250
SUR,"Agencia Tribunales de Banfield","Alberto Larroque 2450, B1828 Banfield, Provincia de Buenos Aires",4248-9421,https://streetviewpixels-pa.googleapis.com/v1/thumbnail?panoid=VU_yObCrTscXBv-jf82Z_w&cb_client=search.gws-prod.gps&w=408&h=240&yaw=136.59814&pitch=0&thumbfov=100,,,"",
SUR,"Agencia Hudson","C. 159 5443, B1885 Guillermo E Hudson, Provincia de Buenos Aires",4215-4933,https://streetviewpixels-pa.googleapis.com/v1/thumbnail?panoid=SbAb9JNoRxKA7e8sQ4DRDQ&cb_client=search.gws-prod.gps&w=408&h=240&yaw=27.576595&pitch=0&thumbfov=100,,,"",
SUR,"Aeropuerto Ezeiza","Aeropuerto De Ezeiza",5480-4490,https://lh5.googleusercontent.com/p/AF1QipOZnXY5eEajH7UwIwfDY7i1weqiAMNJeg-33EVz=w426-h240-k-no,Z7,Metro,"Agencia",12
SUR,"Adrogue","Seguí Nº 880",4293-7808,SUC_Images/177.IMAGEN.032829.png,A3,Metro,"CDD",289